id,giver_user_id,receiver_user_id,rating,feedback_text,created_at,updated_at
1,66,137,3,Argue eye rock generation likely property instead if know floor spring eight religious address.,2025-04-20 16:46:20.370348+00:00,2025-04-20 16:46:20.370349+00:00
2,123,124,5,Professor for give American until energy yet since statement for surface him dream show all push.,2025-04-20 16:46:20.370374+00:00,2025-04-20 16:46:20.370375+00:00
3,159,138,5,Character it big her meet there blood grow.,2025-04-20 16:46:20.370395+00:00,2025-04-20 16:46:20.370396+00:00
4,87,115,4,Focus watch technology money road across understand evidence college special adult.,2025-04-20 16:46:20.370414+00:00,2025-04-20 16:46:20.370414+00:00
5,23,40,1,Reality seat option assume campaign sort human almost really across travel.,2025-04-20 16:46:20.370435+00:00,2025-04-20 16:46:20.370436+00:00
6,190,123,4,City brother determine second help degree gun thousand whom treatment billion the mention.,2025-04-20 16:46:20.370453+00:00,2025-04-20 16:46:20.370454+00:00
7,65,200,3,Law consider history ten catch world artist spend mission team eye actually deep.,2025-04-20 16:46:20.370471+00:00,2025-04-20 16:46:20.370471+00:00
8,53,179,2,Challenge agent race adult art fund whatever impact TV into necessary matter.,2025-04-20 16:46:20.370488+00:00,2025-04-20 16:46:20.370489+00:00
9,157,113,4,Could man model benefit feel many certain across matter thank positive would read including write nor.,2025-04-20 16:46:20.370506+00:00,2025-04-20 16:46:20.370507+00:00
10,73,137,4,Source simply together sing near main senior enough various high fact shake.,2025-04-20 16:46:20.370524+00:00,2025-04-20 16:46:20.370524+00:00
11,163,119,3,Chance not actually people might behavior certain must force me activity become.,2025-04-20 16:46:20.370541+00:00,2025-04-20 16:46:20.370542+00:00
12,76,70,5,Analysis part response use buy president outside at art argue.,2025-04-20 16:46:20.370558+00:00,2025-04-20 16:46:20.370559+00:00
13,133,178,5,Should draw discuss piece whom check of.,2025-04-20 16:46:20.370575+00:00,2025-04-20 16:46:20.370575+00:00
14,67,173,4,In group quality various say boy opportunity forget health.,2025-04-20 16:46:20.370592+00:00,2025-04-20 16:46:20.370592+00:00
15,158,124,1,Service check three would see throughout work crime identify series other approach some opportunity law.,2025-04-20 16:46:20.370609+00:00,2025-04-20 16:46:20.370610+00:00
16,57,114,4,Source evidence wind participant room city happen a thought serious success college attention.,2025-04-20 16:46:20.370626+00:00,2025-04-20 16:46:20.370627+00:00
17,88,63,1,Responsibility shake single ready information many own.,2025-04-20 16:46:20.370643+00:00,2025-04-20 16:46:20.370643+00:00
18,94,37,3,No hand watch increase stuff win maintain international responsibility environmental adult.,2025-04-20 16:46:20.370660+00:00,2025-04-20 16:46:20.370660+00:00
19,199,34,4,Himself future go among degree risk produce then once hospital represent exactly act challenge realize center.,2025-04-20 16:46:20.370677+00:00,2025-04-20 16:46:20.370677+00:00
20,50,178,2,Data about poor her these field them step management.,2025-04-20 16:46:20.370694+00:00,2025-04-20 16:46:20.370694+00:00
21,118,39,3,A grow boy total day story though home central go establish baby example where resource kid.,2025-04-20 16:46:20.370711+00:00,2025-04-20 16:46:20.370712+00:00
22,191,137,4,Significant lawyer body product good good myself near truth field.,2025-04-20 16:46:20.370728+00:00,2025-04-20 16:46:20.370729+00:00
23,137,123,2,Region could voice meeting whose ready view.,2025-04-20 16:46:20.370748+00:00,2025-04-20 16:46:20.370749+00:00
24,113,107,1,Hand save move authority best key right south science.,2025-04-20 16:46:20.370765+00:00,2025-04-20 16:46:20.370765+00:00
25,80,141,3,Business current away little may where moment unit despite note board.,2025-04-20 16:46:20.370785+00:00,2025-04-20 16:46:20.370786+00:00
26,120,147,1,Story arm fish magazine same day meet night may director though move few series.,2025-04-20 16:46:20.370804+00:00,2025-04-20 16:46:20.370805+00:00
27,121,35,2,Artist treatment from clearly best development offer card.,2025-04-20 16:46:20.370821+00:00,2025-04-20 16:46:20.370822+00:00
28,46,147,5,Light bed respond for list game scene.,2025-04-20 16:46:20.370838+00:00,2025-04-20 16:46:20.370838+00:00
29,35,116,4,Sister easy night receive clearly fill break information memory size goal mind major west middle rise.,2025-04-20 16:46:20.370855+00:00,2025-04-20 16:46:20.370856+00:00
30,96,85,4,Whether along ever view action take often last.,2025-04-20 16:46:20.370871+00:00,2025-04-20 16:46:20.370872+00:00
31,105,182,5,Deep building page film husband marriage happy over stand choice huge throughout so week above.,2025-04-20 16:46:20.370888+00:00,2025-04-20 16:46:20.370889+00:00
32,188,53,3,Throughout owner church ever often dog window result remember everything scene than audience party account.,2025-04-20 16:46:20.370906+00:00,2025-04-20 16:46:20.370906+00:00
33,10,193,2,Ago begin single best bank newspaper data I campaign.,2025-04-20 16:46:20.370924+00:00,2025-04-20 16:46:20.370924+00:00
34,43,49,5,For truth stock state here man state court focus cultural recognize.,2025-04-20 16:46:20.370940+00:00,2025-04-20 16:46:20.370941+00:00
35,146,105,3,Term evidence himself plan after recent start during.,2025-04-20 16:46:20.370958+00:00,2025-04-20 16:46:20.370958+00:00
36,108,152,4,Whom another knowledge pattern Mrs control to foot sister structure lay team skill travel such vote.,2025-04-20 16:46:20.370975+00:00,2025-04-20 16:46:20.370975+00:00
37,68,11,2,Knowledge writer fly phone check because new and three successful goal there happen put cultural end.,2025-04-20 16:46:20.370992+00:00,2025-04-20 16:46:20.370993+00:00
38,81,28,1,Standard visit form sometimes no particular positive prove.,2025-04-20 16:46:20.371009+00:00,2025-04-20 16:46:20.371009+00:00
39,100,7,4,One exactly third actually population different season opportunity rather no.,2025-04-20 16:46:20.371025+00:00,2025-04-20 16:46:20.371026+00:00
40,187,125,3,Ago catch trouble reduce value include despite energy.,2025-04-20 16:46:20.371042+00:00,2025-04-20 16:46:20.371042+00:00
41,144,85,4,Get year so series reflect official how heavy type page mother food hope choice.,2025-04-20 16:46:20.371059+00:00,2025-04-20 16:46:20.371059+00:00
42,87,129,3,Expert everything answer grow positive major maybe research nor get both fish necessary.,2025-04-20 16:46:20.371079+00:00,2025-04-20 16:46:20.371080+00:00
43,147,82,3,Structure a glass case high country instead drive land everybody.,2025-04-20 16:46:20.371096+00:00,2025-04-20 16:46:20.371097+00:00
44,60,23,4,These million pick indicate you simple consumer light always the work place smile just fact.,2025-04-20 16:46:20.371113+00:00,2025-04-20 16:46:20.371114+00:00
45,2,166,1,Drop item once month newspaper style oil capital.,2025-04-20 16:46:20.371130+00:00,2025-04-20 16:46:20.371130+00:00
46,7,180,2,Better bit letter soon small available policy few sister special left movement wife science.,2025-04-20 16:46:20.371147+00:00,2025-04-20 16:46:20.371147+00:00
47,157,103,5,Wife baby language scientist idea center expect good dog trip beyond know notice.,2025-04-20 16:46:20.371167+00:00,2025-04-20 16:46:20.371168+00:00
48,166,139,3,Actually likely small oil already which similar team civil guess writer ask each simple.,2025-04-20 16:46:20.371184+00:00,2025-04-20 16:46:20.371185+00:00
49,81,146,5,Participant cup international nor capital letter morning mission friend television dark.,2025-04-20 16:46:20.371201+00:00,2025-04-20 16:46:20.371202+00:00
50,104,140,3,Since trial employee truth else better employee against across.,2025-04-20 16:46:20.371218+00:00,2025-04-20 16:46:20.371218+00:00
51,81,26,5,Network visit discussion then everybody assume pressure wear health hour.,2025-04-20 16:46:20.371234+00:00,2025-04-20 16:46:20.371235+00:00
52,169,70,2,Method order your nor production president consumer street agree story court read receive.,2025-04-20 16:46:20.371253+00:00,2025-04-20 16:46:20.371253+00:00
53,119,148,3,Relationship hand key set relate activity TV road exactly government.,2025-04-20 16:46:20.371269+00:00,2025-04-20 16:46:20.371270+00:00
54,91,167,1,Somebody quite general ask book money billion sister third analysis blue hospital pass choice mention benefit.,2025-04-20 16:46:20.371287+00:00,2025-04-20 16:46:20.371288+00:00
55,143,180,3,Relationship risk weight letter a effort factor expert return main character responsibility from interesting rate old.,2025-04-20 16:46:20.371304+00:00,2025-04-20 16:46:20.371305+00:00
56,16,114,2,Glass keep seek human speak action citizen point continue agency.,2025-04-20 16:46:20.371321+00:00,2025-04-20 16:46:20.371322+00:00
57,28,97,2,Must itself its war ten feeling report start general style international attack expect husband dream air.,2025-04-20 16:46:20.371338+00:00,2025-04-20 16:46:20.371339+00:00
58,43,2,3,Into score available owner situation material rise.,2025-04-20 16:46:20.371358+00:00,2025-04-20 16:46:20.371359+00:00
59,15,78,4,Question keep travel into career today now information perhaps production finally.,2025-04-20 16:46:20.371375+00:00,2025-04-20 16:46:20.371376+00:00
60,62,146,4,Follow fund here level now third question various environmental from high today carry blue open.,2025-04-20 16:46:20.371393+00:00,2025-04-20 16:46:20.371393+00:00
61,158,117,5,Seat hit theory today while herself though.,2025-04-20 16:46:20.371409+00:00,2025-04-20 16:46:20.371410+00:00
62,3,127,1,Gas space property throw have north wish able a catch society.,2025-04-20 16:46:20.371429+00:00,2025-04-20 16:46:20.371430+00:00
63,36,96,2,Fight fine ball across affect vote start miss film recent difference personal partner.,2025-04-20 16:46:20.371446+00:00,2025-04-20 16:46:20.371447+00:00
64,47,168,1,Another president baby can father north believe movement instead.,2025-04-20 16:46:20.371463+00:00,2025-04-20 16:46:20.371464+00:00
65,131,3,5,Animal up toward issue not task trade thus offer collection your training point throughout.,2025-04-20 16:46:20.371480+00:00,2025-04-20 16:46:20.371481+00:00
66,11,57,3,Explain think bed sort outside three fly newspaper run.,2025-04-20 16:46:20.371497+00:00,2025-04-20 16:46:20.371498+00:00
67,132,158,1,Change he herself project phone protect increase responsibility sort almost many campaign movement.,2025-04-20 16:46:20.371514+00:00,2025-04-20 16:46:20.371515+00:00
68,177,161,1,Long series traditional according card voice final crime gas north white child.,2025-04-20 16:46:20.371531+00:00,2025-04-20 16:46:20.371532+00:00
69,140,161,5,Tree city dream whatever investment black trade three clearly.,2025-04-20 16:46:20.371548+00:00,2025-04-20 16:46:20.371548+00:00
70,116,180,5,While race air war dog break seat realize long.,2025-04-20 16:46:20.371564+00:00,2025-04-20 16:46:20.371565+00:00
71,81,76,5,Speech those development before style development strategy beat floor.,2025-04-20 16:46:20.371581+00:00,2025-04-20 16:46:20.371581+00:00
72,42,159,1,Building society series student include into too consider north.,2025-04-20 16:46:20.371597+00:00,2025-04-20 16:46:20.371598+00:00
73,175,148,1,Somebody sense hot figure town partner beautiful strong.,2025-04-20 16:46:20.371614+00:00,2025-04-20 16:46:20.371614+00:00
74,35,159,5,Expert instead open policy improve mouth PM ground player.,2025-04-20 16:46:20.371630+00:00,2025-04-20 16:46:20.371631+00:00
75,77,131,3,General president collection professor beyond be Democrat between spend commercial reason wide would arrive night.,2025-04-20 16:46:20.371648+00:00,2025-04-20 16:46:20.371649+00:00
76,122,96,5,Condition almost college man save national news across nice position control kind music maybe very.,2025-04-20 16:46:20.371666+00:00,2025-04-20 16:46:20.371666+00:00
77,73,171,4,Color agree detail similar sense agent build miss scientist manager team ten protect president.,2025-04-20 16:46:20.371684+00:00,2025-04-20 16:46:20.371684+00:00
78,151,71,3,Forward maybe less challenge president best box figure serve necessary.,2025-04-20 16:46:20.371701+00:00,2025-04-20 16:46:20.371702+00:00
79,72,104,4,Reason image garden professional condition end various ever exist reach star low.,2025-04-20 16:46:20.371718+00:00,2025-04-20 16:46:20.371719+00:00
80,2,138,5,Series great throw conference fish result increase leave whatever issue again high.,2025-04-20 16:46:20.371738+00:00,2025-04-20 16:46:20.371738+00:00
81,106,128,1,Force account population similar fear according sit history son grow my discussion go.,2025-04-20 16:46:20.371758+00:00,2025-04-20 16:46:20.371759+00:00
82,2,146,2,Amount dark buy job way store difference including politics mouth final run approach begin mission street.,2025-04-20 16:46:20.371776+00:00,2025-04-20 16:46:20.371776+00:00
83,49,128,1,Order structure explain respond none answer far important store address our business look.,2025-04-20 16:46:20.371793+00:00,2025-04-20 16:46:20.371794+00:00
84,116,2,4,Control control red everybody business woman voice.,2025-04-20 16:46:20.371810+00:00,2025-04-20 16:46:20.371810+00:00
85,156,106,2,Church couple parent top public fear from light but customer box many.,2025-04-20 16:46:20.371826+00:00,2025-04-20 16:46:20.371827+00:00
86,44,75,5,Son personal across situation such garden whatever money less drop against behavior suffer.,2025-04-20 16:46:20.371843+00:00,2025-04-20 16:46:20.371844+00:00
87,195,46,4,Effort himself sing television response current catch get partner national statement remember.,2025-04-20 16:46:20.371860+00:00,2025-04-20 16:46:20.371860+00:00
88,19,89,5,Your somebody much whom alone fight order ten measure.,2025-04-20 16:46:20.371876+00:00,2025-04-20 16:46:20.371877+00:00
89,21,113,2,Word kitchen ten health street note seem remain buy movie art cold event leader high.,2025-04-20 16:46:20.371893+00:00,2025-04-20 16:46:20.371894+00:00
90,70,167,2,Evening science federal standard she return training world policy will water see development group exist.,2025-04-20 16:46:20.371914+00:00,2025-04-20 16:46:20.371915+00:00
91,181,43,2,Operation whether brother check somebody writer will green meet data office game.,2025-04-20 16:46:20.371931+00:00,2025-04-20 16:46:20.371931+00:00
92,93,120,3,First house piece attorney nearly law why.,2025-04-20 16:46:20.371947+00:00,2025-04-20 16:46:20.371948+00:00
93,24,194,1,Indicate clearly wonder rest certain station his fly.,2025-04-20 16:46:20.371963+00:00,2025-04-20 16:46:20.371964+00:00
94,159,82,1,Language young laugh bed drive major benefit move offer ready sound bed want quite relate.,2025-04-20 16:46:20.371981+00:00,2025-04-20 16:46:20.371982+00:00
95,8,49,5,Brother office seem baby another affect word wide actually impact debate participant.,2025-04-20 16:46:20.371998+00:00,2025-04-20 16:46:20.371999+00:00
96,129,168,4,Bed science force act listen back effect.,2025-04-20 16:46:20.372014+00:00,2025-04-20 16:46:20.372015+00:00
97,168,60,4,Listen present attention family matter training goal age learn nothing.,2025-04-20 16:46:20.372031+00:00,2025-04-20 16:46:20.372032+00:00
98,56,121,5,Believe blue or both happen reveal no.,2025-04-20 16:46:20.372048+00:00,2025-04-20 16:46:20.372048+00:00
99,140,72,2,Until necessary short why again as attention describe under of wife born lose.,2025-04-20 16:46:20.372064+00:00,2025-04-20 16:46:20.372065+00:00
100,83,14,1,Rise issue degree crime nor if minute table on we.,2025-04-20 16:46:20.372081+00:00,2025-04-20 16:46:20.372081+00:00
101,161,107,3,Skill begin provide whom specific level believe bag next green against.,2025-04-20 16:46:20.372101+00:00,2025-04-20 16:46:20.372101+00:00
102,134,71,1,Can moment each offer fall wife degree partner high choice myself.,2025-04-20 16:46:20.372118+00:00,2025-04-20 16:46:20.372118+00:00
103,62,166,4,Population make quality piece hit process point pattern enjoy.,2025-04-20 16:46:20.372135+00:00,2025-04-20 16:46:20.372136+00:00
104,117,164,4,Music challenge rate exactly first card event stand gun.,2025-04-20 16:46:20.372152+00:00,2025-04-20 16:46:20.372152+00:00
105,171,194,5,Lead source language seat behavior since until above whom.,2025-04-20 16:46:20.372168+00:00,2025-04-20 16:46:20.372168+00:00
106,138,179,2,Black point somebody reveal democratic theory clearly big building.,2025-04-20 16:46:20.372184+00:00,2025-04-20 16:46:20.372185+00:00
107,196,66,2,Seek nice left return white race leader staff ball travel eat.,2025-04-20 16:46:20.372201+00:00,2025-04-20 16:46:20.372201+00:00
108,93,138,4,In play probably house within act east.,2025-04-20 16:46:20.372217+00:00,2025-04-20 16:46:20.372218+00:00
109,177,149,3,Young travel more raise meet million say describe guy value.,2025-04-20 16:46:20.372234+00:00,2025-04-20 16:46:20.372234+00:00
110,26,9,5,Way space door wonder total development company her majority begin impact either.,2025-04-20 16:46:20.372252+00:00,2025-04-20 16:46:20.372252+00:00
111,137,194,2,Store protect raise issue imagine field second against attorney short let shake parent share by leg.,2025-04-20 16:46:20.372269+00:00,2025-04-20 16:46:20.372269+00:00
112,93,116,4,Professor style try note history operation whether shoulder fire Republican.,2025-04-20 16:46:20.372285+00:00,2025-04-20 16:46:20.372286+00:00
113,130,20,5,Pay available friend instead meeting site wear continue local imagine vote possible sign benefit.,2025-04-20 16:46:20.372302+00:00,2025-04-20 16:46:20.372303+00:00
114,180,91,3,Wish safe allow money accept community continue establish stand your under police support.,2025-04-20 16:46:20.372320+00:00,2025-04-20 16:46:20.372320+00:00
115,106,90,2,Executive agency morning similar detail someone them contain wear Republican sense be look use.,2025-04-20 16:46:20.372339+00:00,2025-04-20 16:46:20.372340+00:00
116,108,77,3,Next yes for medical myself worry good central myself move teacher.,2025-04-20 16:46:20.372356+00:00,2025-04-20 16:46:20.372357+00:00
117,48,161,2,Hear art community success look stay you great point visit out heavy during.,2025-04-20 16:46:20.372373+00:00,2025-04-20 16:46:20.372374+00:00
118,78,195,5,Short machine focus owner sound media knowledge sign never election son ago scene ok late.,2025-04-20 16:46:20.372390+00:00,2025-04-20 16:46:20.372391+00:00
119,85,23,4,Feeling present relationship site ten energy simple collection hit series order south well street citizen.,2025-04-20 16:46:20.372408+00:00,2025-04-20 16:46:20.372408+00:00
120,97,7,1,Interesting all skill establish now five couple land other type pattern important five.,2025-04-20 16:46:20.372428+00:00,2025-04-20 16:46:20.372429+00:00
121,154,145,2,Identify parent draw help event certain fine memory couple put understand many nor.,2025-04-20 16:46:20.372448+00:00,2025-04-20 16:46:20.372449+00:00
122,22,85,1,Argue police sense store turn bring consumer image play north today no the four.,2025-04-20 16:46:20.372469+00:00,2025-04-20 16:46:20.372470+00:00
123,173,140,4,Happy protect tree arrive course science soldier music what mother recently believe.,2025-04-20 16:46:20.372486+00:00,2025-04-20 16:46:20.372487+00:00
124,64,180,5,Across thus reach everyone hard get protect really.,2025-04-20 16:46:20.372507+00:00,2025-04-20 16:46:20.372508+00:00
125,40,34,1,Impact imagine technology away head research well soldier history appear whom this.,2025-04-20 16:46:20.372525+00:00,2025-04-20 16:46:20.372526+00:00
126,115,10,2,Through woman room however letter would along operation mention enough.,2025-04-20 16:46:20.372542+00:00,2025-04-20 16:46:20.372543+00:00
127,107,86,5,Leave remember check boy finally whether ago responsibility reality turn baby.,2025-04-20 16:46:20.372559+00:00,2025-04-20 16:46:20.372559+00:00
128,21,193,3,End will very enjoy these letter character address message person.,2025-04-20 16:46:20.372577+00:00,2025-04-20 16:46:20.372577+00:00
129,60,129,1,Cut defense develop ahead realize person film.,2025-04-20 16:46:20.372593+00:00,2025-04-20 16:46:20.372594+00:00
130,90,45,1,Hold meeting loss heart when about degree life job.,2025-04-20 16:46:20.372611+00:00,2025-04-20 16:46:20.372611+00:00
131,4,37,2,Put house benefit score election food look notice pattern whom.,2025-04-20 16:46:20.372628+00:00,2025-04-20 16:46:20.372628+00:00
132,189,61,1,Manage young not all class report language seat though perform.,2025-04-20 16:46:20.372648+00:00,2025-04-20 16:46:20.372649+00:00
133,95,197,5,Write management draw stay stock popular become.,2025-04-20 16:46:20.372664+00:00,2025-04-20 16:46:20.372665+00:00
134,68,175,1,Happy whom of year everyone brother commercial such final price many sing heavy.,2025-04-20 16:46:20.372681+00:00,2025-04-20 16:46:20.372682+00:00
135,41,149,5,Result such with task total hear difficult but stuff difference significant newspaper hold same including.,2025-04-20 16:46:20.372698+00:00,2025-04-20 16:46:20.372699+00:00
136,114,83,2,Understand return data as after church window environment child before item.,2025-04-20 16:46:20.372715+00:00,2025-04-20 16:46:20.372716+00:00
137,119,192,5,Finish offer bed Mrs of season center accept.,2025-04-20 16:46:20.372732+00:00,2025-04-20 16:46:20.372733+00:00
138,85,114,4,Traditional stand able group study area so the several PM let.,2025-04-20 16:46:20.372749+00:00,2025-04-20 16:46:20.372749+00:00
139,188,102,4,Four admit run so development he together walk.,2025-04-20 16:46:20.372765+00:00,2025-04-20 16:46:20.372766+00:00
140,86,80,2,Truth travel president after receive society option anyone edge candidate lawyer design conference position.,2025-04-20 16:46:20.372785+00:00,2025-04-20 16:46:20.372786+00:00
141,87,185,1,Majority structure until clearly get college consider Congress program return.,2025-04-20 16:46:20.372802+00:00,2025-04-20 16:46:20.372803+00:00
142,162,95,2,Store daughter employee thank voice compare now executive day recognize buy source voice education significant.,2025-04-20 16:46:20.372819+00:00,2025-04-20 16:46:20.372820+00:00
143,4,12,2,Institution visit every be information order production pick exactly will difficult big billion board life their.,2025-04-20 16:46:20.372837+00:00,2025-04-20 16:46:20.372837+00:00
144,2,94,3,Fine if final deep picture scientist success might about nothing.,2025-04-20 16:46:20.372853+00:00,2025-04-20 16:46:20.372854+00:00
145,194,162,4,Themselves pretty old we they business unit top various.,2025-04-20 16:46:20.372870+00:00,2025-04-20 16:46:20.372870+00:00
146,196,103,4,Food get ready development major Republican feel movement analysis reveal industry technology.,2025-04-20 16:46:20.372887+00:00,2025-04-20 16:46:20.372887+00:00
147,98,173,3,Later state owner focus interest century talk clearly social.,2025-04-20 16:46:20.372903+00:00,2025-04-20 16:46:20.372904+00:00
148,179,193,1,Suddenly sign from understand we focus employee imagine trade ability reflect save tough better.,2025-04-20 16:46:20.372920+00:00,2025-04-20 16:46:20.372920+00:00
149,149,116,4,Large statement new theory old rate relate road official avoid light idea town explain.,2025-04-20 16:46:20.372938+00:00,2025-04-20 16:46:20.372938+00:00
150,56,177,3,Right subject as these various institution your anything usually what fly western save.,2025-04-20 16:46:20.372955+00:00,2025-04-20 16:46:20.372956+00:00
151,131,67,1,Guess season country physical than ahead interview whole fear place television many.,2025-04-20 16:46:20.372972+00:00,2025-04-20 16:46:20.372973+00:00
152,163,53,3,Safe agency issue investment water better affect school begin home maintain.,2025-04-20 16:46:20.372989+00:00,2025-04-20 16:46:20.372989+00:00
153,121,64,4,Attention develop step really imagine production feeling meeting wish large concern place identify.,2025-04-20 16:46:20.373006+00:00,2025-04-20 16:46:20.373007+00:00
154,111,193,3,Occur discussion tonight north culture use amount black next less.,2025-04-20 16:46:20.373024+00:00,2025-04-20 16:46:20.373024+00:00
155,198,27,5,Guess board every ready leg important who long become.,2025-04-20 16:46:20.373040+00:00,2025-04-20 16:46:20.373041+00:00
156,26,100,2,Another discover school guess into trouble order piece until kid back free hit social.,2025-04-20 16:46:20.373057+00:00,2025-04-20 16:46:20.373058+00:00
157,38,98,5,System scene person artist point system hundred front in personal I involve section.,2025-04-20 16:46:20.373074+00:00,2025-04-20 16:46:20.373075+00:00
158,46,188,4,Beautiful perform clearly environmental thing available film cost democratic.,2025-04-20 16:46:20.373091+00:00,2025-04-20 16:46:20.373092+00:00
159,34,125,3,Wife north tend fund season reveal television mention its news audience human above process.,2025-04-20 16:46:20.373111+00:00,2025-04-20 16:46:20.373112+00:00
160,58,13,2,Thank artist economy when total pull board explain laugh positive eat establish fire.,2025-04-20 16:46:20.373128+00:00,2025-04-20 16:46:20.373129+00:00
161,65,169,1,Every old size near we want response book factor.,2025-04-20 16:46:20.373145+00:00,2025-04-20 16:46:20.373145+00:00
162,4,186,3,Bring style card art its but against economy similar Democrat dinner open.,2025-04-20 16:46:20.373162+00:00,2025-04-20 16:46:20.373162+00:00
163,178,75,2,Occur case it fear sure husband new laugh without performance think cost fast design type clearly.,2025-04-20 16:46:20.373179+00:00,2025-04-20 16:46:20.373179+00:00
164,199,141,4,Draw put appear maybe turn morning reduce decade form price general.,2025-04-20 16:46:20.373198+00:00,2025-04-20 16:46:20.373199+00:00
165,67,94,5,Present quickly drop relationship since third easy loss main television recently why.,2025-04-20 16:46:20.373216+00:00,2025-04-20 16:46:20.373216+00:00
166,172,115,3,Food drop police society offer member nature group.,2025-04-20 16:46:20.373232+00:00,2025-04-20 16:46:20.373232+00:00
167,182,126,5,Ground should under kitchen network still hospital forward whom door economic almost into catch think.,2025-04-20 16:46:20.373249+00:00,2025-04-20 16:46:20.373249+00:00
168,167,20,4,Few light suggest some nation interesting mother kind appear own threat suffer major.,2025-04-20 16:46:20.373266+00:00,2025-04-20 16:46:20.373266+00:00
169,34,63,5,Theory add help walk author development thank very benefit.,2025-04-20 16:46:20.373282+00:00,2025-04-20 16:46:20.373283+00:00
170,157,90,5,Possible local agency sign long able above option.,2025-04-20 16:46:20.373299+00:00,2025-04-20 16:46:20.373299+00:00
171,16,163,3,Truth could need toward figure position environment task nice interesting political gas bit strong inside.,2025-04-20 16:46:20.373316+00:00,2025-04-20 16:46:20.373317+00:00
172,131,4,3,Physical energy second particularly manage company answer article whose million parent gun happen entire.,2025-04-20 16:46:20.373333+00:00,2025-04-20 16:46:20.373334+00:00
173,55,157,2,The guess sort apply together open chair pressure agree prove yard teacher report hear.,2025-04-20 16:46:20.373350+00:00,2025-04-20 16:46:20.373351+00:00
174,140,77,3,Attack true attack soldier trouble break newspaper rise television.,2025-04-20 16:46:20.373368+00:00,2025-04-20 16:46:20.373368+00:00
175,172,82,5,Technology fear little there out line easy board car area week.,2025-04-20 16:46:20.373387+00:00,2025-04-20 16:46:20.373388+00:00
176,68,3,3,Baby keep effect oil music skill interesting real.,2025-04-20 16:46:20.373404+00:00,2025-04-20 16:46:20.373404+00:00
177,18,6,1,Full effect likely through law tonight particularly think reflect leader everything reflect page value start something.,2025-04-20 16:46:20.373421+00:00,2025-04-20 16:46:20.373421+00:00
178,199,183,2,Economic half role large describe strategy stay whole dream significant.,2025-04-20 16:46:20.373437+00:00,2025-04-20 16:46:20.373438+00:00
179,28,135,1,Wind hear listen probably across reason raise though remain pay reason part certainly figure understand.,2025-04-20 16:46:20.373458+00:00,2025-04-20 16:46:20.373459+00:00
180,30,47,4,Address visit traditional official commercial probably stop computer voice man statement medical production.,2025-04-20 16:46:20.373476+00:00,2025-04-20 16:46:20.373476+00:00
181,4,37,3,Close maybe field rule almost offer agreement effect product owner close often six.,2025-04-20 16:46:20.373492+00:00,2025-04-20 16:46:20.373493+00:00
182,33,111,1,Hospital say away professional able until second success situation.,2025-04-20 16:46:20.373509+00:00,2025-04-20 16:46:20.373509+00:00
183,187,13,5,Say front resource both foreign continue back side stop Democrat perhaps particularly.,2025-04-20 16:46:20.373526+00:00,2025-04-20 16:46:20.373526+00:00
184,100,36,2,Spring research main figure no every enjoy old.,2025-04-20 16:46:20.373545+00:00,2025-04-20 16:46:20.373545+00:00
185,74,141,3,Same almost let well child feel parent analysis claim ago major.,2025-04-20 16:46:20.373562+00:00,2025-04-20 16:46:20.373562+00:00
186,59,25,1,Question page although mean physical reality serve now unit.,2025-04-20 16:46:20.373578+00:00,2025-04-20 16:46:20.373579+00:00
187,172,40,3,Particularly blue night including religious sea likely American find pull month.,2025-04-20 16:46:20.373596+00:00,2025-04-20 16:46:20.373596+00:00
188,52,27,5,Expert vote people term effort different discussion available history girl professor.,2025-04-20 16:46:20.373612+00:00,2025-04-20 16:46:20.373613+00:00
189,195,9,5,Professor unit resource beyond ten keep south pick case ago force.,2025-04-20 16:46:20.373629+00:00,2025-04-20 16:46:20.373629+00:00
190,147,195,3,Sing remember town car drug short tax shoulder whole.,2025-04-20 16:46:20.373645+00:00,2025-04-20 16:46:20.373646+00:00
191,184,142,5,Physical watch possible themselves evening bar participant.,2025-04-20 16:46:20.373662+00:00,2025-04-20 16:46:20.373662+00:00
192,69,76,5,Measure war fill describe issue city general bank consider.,2025-04-20 16:46:20.373678+00:00,2025-04-20 16:46:20.373678+00:00
193,100,178,4,Three Mr wrong when today certain season itself resource middle challenge.,2025-04-20 16:46:20.373695+00:00,2025-04-20 16:46:20.373695+00:00
194,83,41,1,Bill a fly machine gas chance thought message course success try from.,2025-04-20 16:46:20.373712+00:00,2025-04-20 16:46:20.373712+00:00
195,73,172,2,Should institution there low heavy positive pull threat listen fly ten.,2025-04-20 16:46:20.373728+00:00,2025-04-20 16:46:20.373729+00:00
196,40,133,1,To simple none call rather many energy goal citizen our ten about former.,2025-04-20 16:46:20.373745+00:00,2025-04-20 16:46:20.373746+00:00
197,168,68,3,Number hot if television guy entire really myself.,2025-04-20 16:46:20.373761+00:00,2025-04-20 16:46:20.373762+00:00
198,86,185,3,Strategy another rather director charge husband now.,2025-04-20 16:46:20.373781+00:00,2025-04-20 16:46:20.373781+00:00
199,146,8,3,Method animal him when year consumer door.,2025-04-20 16:46:20.373797+00:00,2025-04-20 16:46:20.373797+00:00
200,5,154,1,Study plant voice human sport out summer over account truth beautiful.,2025-04-20 16:46:20.373813+00:00,2025-04-20 16:46:20.373814+00:00
201,99,59,2,Follow painting college walk time whether interesting down ago behind he shoulder history kid guess fear.,2025-04-20 16:46:20.373831+00:00,2025-04-20 16:46:20.373831+00:00
202,17,49,3,Wide approach be ask building by set hospital worry hold civil room administration Mrs.,2025-04-20 16:46:20.373848+00:00,2025-04-20 16:46:20.373849+00:00
203,18,63,2,She three base cut ability think sea base stage last great grow.,2025-04-20 16:46:20.373865+00:00,2025-04-20 16:46:20.373865+00:00
204,140,59,3,Or service center follow only might remain.,2025-04-20 16:46:20.373881+00:00,2025-04-20 16:46:20.373882+00:00
205,81,139,1,Level sometimes season organization such movie so message.,2025-04-20 16:46:20.373897+00:00,2025-04-20 16:46:20.373898+00:00
206,194,68,2,Charge subject effect charge chair build magazine apply.,2025-04-20 16:46:20.373914+00:00,2025-04-20 16:46:20.373914+00:00
207,36,86,1,Condition spend family another food movement above defense light member fight PM husband.,2025-04-20 16:46:20.373931+00:00,2025-04-20 16:46:20.373932+00:00
208,1,76,4,Show training them score could level suggest poor marriage treatment nation young save certain.,2025-04-20 16:46:20.373948+00:00,2025-04-20 16:46:20.373949+00:00
209,29,23,2,Consider difference machine environmental defense fact other.,2025-04-20 16:46:20.373964+00:00,2025-04-20 16:46:20.373965+00:00
210,144,51,3,Since and front ask statement strong require.,2025-04-20 16:46:20.373980+00:00,2025-04-20 16:46:20.373981+00:00
211,177,90,3,Mrs reason rich author last million manage never cause economy popular cut opportunity suddenly because some.,2025-04-20 16:46:20.374001+00:00,2025-04-20 16:46:20.374002+00:00
212,194,1,5,Enjoy economy story fund one open down they huge particular in reality outside catch deep.,2025-04-20 16:46:20.374019+00:00,2025-04-20 16:46:20.374019+00:00
213,175,131,4,Show share my police position letter computer wear activity not necessary before thing.,2025-04-20 16:46:20.374035+00:00,2025-04-20 16:46:20.374036+00:00
214,174,163,1,Though imagine line record because ahead Mr baby remain by include evening seem suggest break.,2025-04-20 16:46:20.374053+00:00,2025-04-20 16:46:20.374053+00:00
215,139,89,2,Large kind him too throw memory brother trade beyond.,2025-04-20 16:46:20.374069+00:00,2025-04-20 16:46:20.374070+00:00
216,60,158,5,Half social soldier back morning now best expert edge.,2025-04-20 16:46:20.374086+00:00,2025-04-20 16:46:20.374086+00:00
217,123,104,2,Decide case party arm that indeed those international company.,2025-04-20 16:46:20.374105+00:00,2025-04-20 16:46:20.374106+00:00
218,82,103,5,This plant week power start place camera international executive long gun former.,2025-04-20 16:46:20.374125+00:00,2025-04-20 16:46:20.374126+00:00
219,44,12,3,Wind look recently unit check really skill behavior.,2025-04-20 16:46:20.374142+00:00,2025-04-20 16:46:20.374142+00:00
220,47,115,3,Reach quickly manage check two able his identify tend mean option she.,2025-04-20 16:46:20.374158+00:00,2025-04-20 16:46:20.374159+00:00
221,76,180,2,Worry trouble hair else step kind gun fly go plant economy seem energy.,2025-04-20 16:46:20.374175+00:00,2025-04-20 16:46:20.374176+00:00
222,60,93,3,Assume through thank serious arrive almost face give front church administration beat experience sell.,2025-04-20 16:46:20.374192+00:00,2025-04-20 16:46:20.374193+00:00
223,44,177,2,My include lot return how still election open major old hope pattern bank war.,2025-04-20 16:46:20.374209+00:00,2025-04-20 16:46:20.374210+00:00
224,91,132,1,Rule alone consider beyond collection heart painting us woman heart bring similar force.,2025-04-20 16:46:20.374226+00:00,2025-04-20 16:46:20.374227+00:00
225,182,32,2,Brother place individual certain hair long type.,2025-04-20 16:46:20.374243+00:00,2025-04-20 16:46:20.374243+00:00
226,97,14,5,Although record real us long or hear understand expert again visit understand most.,2025-04-20 16:46:20.374262+00:00,2025-04-20 16:46:20.374263+00:00
227,107,176,2,American and discussion material notice none toward inside talk those well within.,2025-04-20 16:46:20.374279+00:00,2025-04-20 16:46:20.374280+00:00
228,163,156,3,Realize goal name conference office realize buy so.,2025-04-20 16:46:20.374296+00:00,2025-04-20 16:46:20.374296+00:00
229,112,58,4,Majority raise ahead bar agent painting gas difficult quality score size themselves matter detail sometimes.,2025-04-20 16:46:20.374313+00:00,2025-04-20 16:46:20.374314+00:00
230,77,126,2,Laugh technology market cell catch later yard whom attention.,2025-04-20 16:46:20.374330+00:00,2025-04-20 16:46:20.374330+00:00
231,185,180,3,Yeah important film cultural range unit good military into amount meet campaign show civil church important.,2025-04-20 16:46:20.374347+00:00,2025-04-20 16:46:20.374347+00:00
232,8,143,1,Seat season board final place tough third attention life organization buy finish war likely behavior manager.,2025-04-20 16:46:20.374365+00:00,2025-04-20 16:46:20.374365+00:00
233,16,112,3,Top miss research else card local big face bill than stop state success Congress.,2025-04-20 16:46:20.374381+00:00,2025-04-20 16:46:20.374382+00:00
234,27,186,3,Two decade now check ahead student start.,2025-04-20 16:46:20.374398+00:00,2025-04-20 16:46:20.374398+00:00
235,193,112,1,Son after might everyone center money sea team level act.,2025-04-20 16:46:20.374414+00:00,2025-04-20 16:46:20.374415+00:00
236,40,154,1,Treatment oil finish who all pretty parent return customer start wife former.,2025-04-20 16:46:20.374431+00:00,2025-04-20 16:46:20.374431+00:00
237,68,117,3,Really performance yeah type animal shake arm assume social number when wall under beat turn suggest.,2025-04-20 16:46:20.374450+00:00,2025-04-20 16:46:20.374451+00:00
238,74,145,2,Pm professional travel defense by make collection position positive.,2025-04-20 16:46:20.374467+00:00,2025-04-20 16:46:20.374467+00:00
239,98,65,5,Order build learn establish series character more into ready another office.,2025-04-20 16:46:20.374483+00:00,2025-04-20 16:46:20.374484+00:00
240,4,198,3,Teach contain finish out live big couple alone same continue project speech.,2025-04-20 16:46:20.374500+00:00,2025-04-20 16:46:20.374500+00:00
241,38,194,3,Unit idea season president beautiful radio people establish control agent loss produce significant week attention than.,2025-04-20 16:46:20.374517+00:00,2025-04-20 16:46:20.374517+00:00
242,148,110,1,They day particular authority see because them sit office what garden small beyond agreement.,2025-04-20 16:46:20.374534+00:00,2025-04-20 16:46:20.374534+00:00
243,50,154,5,Me own sit take other trip pull exist particular.,2025-04-20 16:46:20.374550+00:00,2025-04-20 16:46:20.374550+00:00
244,119,117,2,If manage world practice study future have various little hope lawyer type project sense easy.,2025-04-20 16:46:20.374567+00:00,2025-04-20 16:46:20.374567+00:00
245,198,53,3,Purpose painting tree reason offer or decade toward stock people.,2025-04-20 16:46:20.374584+00:00,2025-04-20 16:46:20.374584+00:00
246,172,46,5,Mission need party simply hospital pull bit whom whose high model.,2025-04-20 16:46:20.374600+00:00,2025-04-20 16:46:20.374601+00:00
247,20,126,5,Computer among health necessary about above describe only total agreement so letter pass.,2025-04-20 16:46:20.374617+00:00,2025-04-20 16:46:20.374618+00:00
248,194,160,5,Rather mother environmental itself next news environmental everything why scene then commercial his eye air carry.,2025-04-20 16:46:20.374634+00:00,2025-04-20 16:46:20.374635+00:00
249,34,175,1,The raise wide number course his yeah they culture story.,2025-04-20 16:46:20.374651+00:00,2025-04-20 16:46:20.374652+00:00
250,166,66,1,With rock standard better if mean despite.,2025-04-20 16:46:20.374671+00:00,2025-04-20 16:46:20.374671+00:00
251,122,101,3,Especially fine third which go month market miss seek summer order rich result born.,2025-04-20 16:46:20.374688+00:00,2025-04-20 16:46:20.374688+00:00
252,100,38,2,Debate always light apply use available agency number.,2025-04-20 16:46:20.374704+00:00,2025-04-20 16:46:20.374705+00:00
253,5,26,5,Around raise parent space value story anything company mention exist book six certain back make.,2025-04-20 16:46:20.374722+00:00,2025-04-20 16:46:20.374722+00:00
254,71,70,1,Finally task fill light then brother or popular service similar push instead.,2025-04-20 16:46:20.374739+00:00,2025-04-20 16:46:20.374739+00:00
255,136,117,5,Explain usually while measure national art better sign wait official firm because nearly pass finish television.,2025-04-20 16:46:20.374756+00:00,2025-04-20 16:46:20.374757+00:00
256,45,26,1,Official trade Mrs simply establish thing democratic system none spend among road.,2025-04-20 16:46:20.374773+00:00,2025-04-20 16:46:20.374773+00:00
257,139,177,3,Field modern difficult evidence water recently morning seven large why human so.,2025-04-20 16:46:20.374794+00:00,2025-04-20 16:46:20.374795+00:00
258,34,78,4,Effort identify religious quickly member create Republican.,2025-04-20 16:46:20.374811+00:00,2025-04-20 16:46:20.374811+00:00
259,60,43,3,And involve teach similar blood task ago save raise son drop number.,2025-04-20 16:46:20.374828+00:00,2025-04-20 16:46:20.374828+00:00
260,2,35,2,Produce fact follow believe girl table theory miss main.,2025-04-20 16:46:20.374848+00:00,2025-04-20 16:46:20.374848+00:00
261,16,63,5,Training star collection include these father image girl.,2025-04-20 16:46:20.374864+00:00,2025-04-20 16:46:20.374865+00:00
262,173,23,3,Drug sign lay agent church letter clearly rest world others.,2025-04-20 16:46:20.374881+00:00,2025-04-20 16:46:20.374882+00:00
263,198,112,2,Less table represent fine enter prove end which meet that campaign full within support five card.,2025-04-20 16:46:20.374899+00:00,2025-04-20 16:46:20.374899+00:00
264,99,193,2,Activity boy research protect such discover professional easy attention ready best her hit pass eye weight.,2025-04-20 16:46:20.374916+00:00,2025-04-20 16:46:20.374917+00:00
265,152,157,2,Nature ahead imagine condition also society relationship attack.,2025-04-20 16:46:20.374933+00:00,2025-04-20 16:46:20.374933+00:00
266,31,84,1,The develop direction task life question politics history air include season throw kind condition glass.,2025-04-20 16:46:20.374950+00:00,2025-04-20 16:46:20.374950+00:00
267,181,78,4,Form throughout task until billion between child six.,2025-04-20 16:46:20.374967+00:00,2025-04-20 16:46:20.374967+00:00
268,83,130,3,Local public apply break song final hour class difficult.,2025-04-20 16:46:20.374983+00:00,2025-04-20 16:46:20.374984+00:00
269,92,139,5,Past force customer yeah wear idea loss send happen under possible.,2025-04-20 16:46:20.375000+00:00,2025-04-20 16:46:20.375000+00:00
270,185,25,2,Upon administration such save government piece price way per truth last feel field environmental.,2025-04-20 16:46:20.375017+00:00,2025-04-20 16:46:20.375018+00:00
271,5,67,3,Cold natural provide development although attention easy city continue room leader affect determine cultural say.,2025-04-20 16:46:20.375034+00:00,2025-04-20 16:46:20.375035+00:00
272,69,167,2,Family alone cover gun her claim management guy young single ask week everything from service.,2025-04-20 16:46:20.375052+00:00,2025-04-20 16:46:20.375052+00:00
273,168,182,4,Nature at a billion resource structure writer affect person very economy condition represent another.,2025-04-20 16:46:20.375069+00:00,2025-04-20 16:46:20.375069+00:00
274,170,108,5,Hour less cup five real on reason couple job major here after.,2025-04-20 16:46:20.375085+00:00,2025-04-20 16:46:20.375086+00:00
275,110,30,4,Measure half rich various follow attorney laugh another.,2025-04-20 16:46:20.375102+00:00,2025-04-20 16:46:20.375102+00:00
276,38,94,1,Least agency mind production material senior enjoy serious director during compare.,2025-04-20 16:46:20.375121+00:00,2025-04-20 16:46:20.375122+00:00
277,87,138,2,Agree notice happy enough point someone according chair really style.,2025-04-20 16:46:20.375141+00:00,2025-04-20 16:46:20.375142+00:00
278,143,140,5,Society degree box third since key figure success over material effect push street down audience baby.,2025-04-20 16:46:20.375159+00:00,2025-04-20 16:46:20.375159+00:00
279,106,164,3,Several role put present agree oil break opportunity result challenge interview shake machine return likely popular.,2025-04-20 16:46:20.375176+00:00,2025-04-20 16:46:20.375177+00:00
280,63,157,4,News we seven consumer choice discover by pull crime forget than claim outside remain teacher.,2025-04-20 16:46:20.375193+00:00,2025-04-20 16:46:20.375194+00:00
281,83,183,1,Treatment wrong black rather soldier project education even green.,2025-04-20 16:46:20.375211+00:00,2025-04-20 16:46:20.375211+00:00
282,136,173,5,Magazine middle thing director operation half decide standard baby.,2025-04-20 16:46:20.375227+00:00,2025-04-20 16:46:20.375228+00:00
283,61,133,5,Radio kitchen different thought minute detail event study face movement necessary full sing degree own specific.,2025-04-20 16:46:20.375245+00:00,2025-04-20 16:46:20.375245+00:00
284,51,144,2,Develop response his attention brother involve article certainly human scene consider town.,2025-04-20 16:46:20.375262+00:00,2025-04-20 16:46:20.375262+00:00
285,48,129,1,Own news road development choose short enough performance movie.,2025-04-20 16:46:20.375278+00:00,2025-04-20 16:46:20.375279+00:00
286,194,196,2,Tell sense agreement summer across whatever issue expert law operation only information place garden peace.,2025-04-20 16:46:20.375295+00:00,2025-04-20 16:46:20.375296+00:00
287,17,186,4,Idea media term result there child investment anything third.,2025-04-20 16:46:20.375311+00:00,2025-04-20 16:46:20.375312+00:00
288,181,18,1,Itself miss force course after others speech open possible adult suddenly never individual impact happen.,2025-04-20 16:46:20.375328+00:00,2025-04-20 16:46:20.375329+00:00
289,99,185,5,Despite establish certainly sing eye heart establish every.,2025-04-20 16:46:20.375345+00:00,2025-04-20 16:46:20.375345+00:00
290,165,114,2,Animal adult sing safe now yourself place central decide degree student evidence discuss.,2025-04-20 16:46:20.375362+00:00,2025-04-20 16:46:20.375362+00:00
291,92,99,1,High truth stuff vote meet strategy base board game answer board.,2025-04-20 16:46:20.375378+00:00,2025-04-20 16:46:20.375379+00:00
292,186,107,3,Politics open learn firm worker network camera factor people.,2025-04-20 16:46:20.375395+00:00,2025-04-20 16:46:20.375395+00:00
293,3,83,2,Since beyond same series again respond ever air participant new song center along ball call.,2025-04-20 16:46:20.375412+00:00,2025-04-20 16:46:20.375412+00:00
294,33,6,5,Work only food meet live position physical place debate happen.,2025-04-20 16:46:20.375428+00:00,2025-04-20 16:46:20.375429+00:00
295,31,151,5,Statement food choice about environmental with Democrat machine feeling college full hear reduce wind eye.,2025-04-20 16:46:20.375446+00:00,2025-04-20 16:46:20.375446+00:00
296,29,86,3,World morning hope fire player yourself administration determine special party offer.,2025-04-20 16:46:20.375466+00:00,2025-04-20 16:46:20.375466+00:00
297,18,56,2,Lose nice second air item week yard product argue black possible which.,2025-04-20 16:46:20.375483+00:00,2025-04-20 16:46:20.375483+00:00
298,163,107,1,Address sell eye soldier meet describe bad possible.,2025-04-20 16:46:20.375499+00:00,2025-04-20 16:46:20.375500+00:00
299,49,169,1,Hard present else rate accept executive president democratic cause performance customer happy century.,2025-04-20 16:46:20.375518+00:00,2025-04-20 16:46:20.375519+00:00
300,40,188,4,Letter must film old thus a really him.,2025-04-20 16:46:20.375535+00:00,2025-04-20 16:46:20.375536+00:00
